trading_date,listing_date,session_note_date,issues,source_url
2002-11-27,2002-11-27,,ambiguous_columns,https://www.sge.com.cn/sjzx/mrhqsj/509584
2002-11-29,2002-11-29,,no_au9999_row,https://www.sge.com.cn/sjzx/mrhqsj/509587
2003-01-03,2003-01-06,,listing_title_date_mismatch;no_numeric_ohlc,https://www.sge.com.cn/sjzx/mrhqsj/509612
2003-01-16,2003-01-16,,repeated_complete_quote_row,https://www.sge.com.cn/sjzx/mrhqsj/509621
2003-03-25,2003-03-25,,repeated_complete_quote_row,https://www.sge.com.cn/sjzx/mrhqsj/509660
2009-11-11,2009-11-11,2009-11-13,title_session_note_date_mismatch,https://www.sge.com.cn/sjzx/mrhqsj/509978
2009-11-12,2009-11-12,2009-11-12,repeated_complete_quote_row,https://www.sge.com.cn/sjzx/mrhqsj/509979
2009-11-13,2009-11-13,2009-11-12,title_session_note_date_mismatch;repeated_complete_quote_row,https://www.sge.com.cn/sjzx/mrhqsj/509980
2009-11-25,2009-11-25,2009-11-27,title_session_note_date_mismatch,https://www.sge.com.cn/sjzx/mrhqsj/509988
2009-11-27,2009-11-27,2009-11-30,title_session_note_date_mismatch,https://www.sge.com.cn/sjzx/mrhqsj/509990
2009-11-30,2009-11-30,2009-12-01,title_session_note_date_mismatch;repeated_complete_quote_row,https://www.sge.com.cn/sjzx/mrhqsj/509991
2009-12-01,2009-12-01,2009-12-01,repeated_complete_quote_row,https://www.sge.com.cn/sjzx/mrhqsj/509992
2009-12-02,2009-12-02,2009-12-03,title_session_note_date_mismatch,https://www.sge.com.cn/sjzx/mrhqsj/509993
2009-12-03,2009-12-03,2009-12-04,title_session_note_date_mismatch,https://www.sge.com.cn/sjzx/mrhqsj/509994
2009-12-04,2009-12-04,2009-12-07,title_session_note_date_mismatch,https://www.sge.com.cn/sjzx/mrhqsj/509995
2009-12-07,2009-12-07,2009-12-08,title_session_note_date_mismatch,https://www.sge.com.cn/sjzx/mrhqsj/509996
2009-12-08,2009-12-08,2009-12-09,title_session_note_date_mismatch,https://www.sge.com.cn/sjzx/mrhqsj/509997
2009-12-09,2009-12-09,2009-12-10,title_session_note_date_mismatch,https://www.sge.com.cn/sjzx/mrhqsj/509998
2009-12-10,2009-12-10,2009-12-11,title_session_note_date_mismatch;repeated_complete_quote_row,https://www.sge.com.cn/sjzx/mrhqsj/509999
2009-12-11,2009-12-11,2009-12-11,repeated_complete_quote_row,https://www.sge.com.cn/sjzx/mrhqsj/510000
2009-12-23,2009-12-23,2009-01-18,title_session_note_date_mismatch;repeated_complete_quote_row,https://www.sge.com.cn/sjzx/mrhqsj/510008
2009-12-24,2009-12-24,2009-01-18,title_session_note_date_mismatch;repeated_complete_quote_row,https://www.sge.com.cn/sjzx/mrhqsj/510009
2009-12-25,2009-12-25,2009-01-18,title_session_note_date_mismatch;repeated_complete_quote_row,https://www.sge.com.cn/sjzx/mrhqsj/510010
2009-12-28,2009-12-28,2009-01-18,title_session_note_date_mismatch;repeated_complete_quote_row,https://www.sge.com.cn/sjzx/mrhqsj/510011
2009-12-29,2009-12-29,2009-01-18,title_session_note_date_mismatch;repeated_complete_quote_row,https://www.sge.com.cn/sjzx/mrhqsj/510012
2009-12-30,2009-12-30,2009-01-18,title_session_note_date_mismatch;repeated_complete_quote_row,https://www.sge.com.cn/sjzx/mrhqsj/510013
2009-12-31,2009-12-31,2009-01-18,title_session_note_date_mismatch;repeated_complete_quote_row,https://www.sge.com.cn/sjzx/mrhqsj/510014
2010-01-04,2010-01-04,2010-01-04,repeated_complete_quote_row,https://www.sge.com.cn/sjzx/mrhqsj/510015
2010-01-05,2010-01-05,2010-01-05,repeated_complete_quote_row,https://www.sge.com.cn/sjzx/mrhqsj/510016
2010-01-06,2010-01-06,2010-01-06,repeated_complete_quote_row,https://www.sge.com.cn/sjzx/mrhqsj/510017
2010-01-07,2010-01-07,2010-01-07,repeated_complete_quote_row,https://www.sge.com.cn/sjzx/mrhqsj/510018
2010-01-08,2010-01-08,2010-01-08,repeated_complete_quote_row,https://www.sge.com.cn/sjzx/mrhqsj/510019
2010-01-11,2010-01-11,2010-01-11,repeated_complete_quote_row,https://www.sge.com.cn/sjzx/mrhqsj/510020
2010-01-12,2010-01-12,2010-01-12,repeated_complete_quote_row,https://www.sge.com.cn/sjzx/mrhqsj/510021
2010-01-13,2010-01-13,2010-01-13,repeated_complete_quote_row,https://www.sge.com.cn/sjzx/mrhqsj/510022
2010-01-14,2010-01-14,2010-01-14,repeated_complete_quote_row,https://www.sge.com.cn/sjzx/mrhqsj/510023
2010-01-15,2010-01-15,2010-01-15,repeated_complete_quote_row,https://www.sge.com.cn/sjzx/mrhqsj/510024
2010-01-18,2010-01-18,2010-01-18,repeated_complete_quote_row,https://www.sge.com.cn/sjzx/mrhqsj/510025
2010-04-26,2010-04-26,2010-04-23,title_session_note_date_mismatch,https://www.sge.com.cn/sjzx/mrhqsj/510090
2010-08-19,2010-08-19,2010-08-20,title_session_note_date_mismatch,https://www.sge.com.cn/sjzx/mrhqsj/510168
2011-04-08,2011-04-08,2011-04-07,title_session_note_date_mismatch,https://www.sge.com.cn/sjzx/mrhqsj/510319
2012-04-13,2012-04-13,,no_au9999_row,https://www.sge.com.cn/sjzx/mrhqsj/510566
2012-06-20,2012-06-20,2012-06-20,invalid_ohlc_order,https://www.sge.com.cn/sjzx/mrhqsj/510612
2014-09-22,2014-09-22,2014-09-19,title_session_note_date_mismatch,https://www.sge.com.cn/sjzx/mrhqsj/520892
2014-10-22,2014-10-22,2014-10-22,invalid_ohlc_order,https://www.sge.com.cn/sjzx/mrhqsj/521577
2016-02-23,2016-02-23,2016-02-22,title_session_note_date_mismatch,https://www.sge.com.cn/sjzx/mrhqsj/535327
2016-12-21,2016-12-21,2016-12-20,title_session_note_date_mismatch,https://www.sge.com.cn/sjzx/mrhqsj/5140834
2016-12-30,2016-12-30,2016-12-29,title_session_note_date_mismatch,https://www.sge.com.cn/sjzx/mrhqsj/5140902
2018-11-15,2018-11-15,2018-11-14,title_session_note_date_mismatch,https://www.sge.com.cn/sjzx/mrhqsj/5144461
2018-11-16,2018-11-16,2018-11-15,title_session_note_date_mismatch,https://www.sge.com.cn/sjzx/mrhqsj/5144467
2019-03-28,2019-03-28,2019-03-27,title_session_note_date_mismatch,https://www.sge.com.cn/sjzx/mrhqsj/5145152
2019-03-29,2019-03-29,2019-03-28,title_session_note_date_mismatch,https://www.sge.com.cn/sjzx/mrhqsj/5145163
2019-08-08,2019-08-08,2019-08-08,no_numeric_ohlc,https://www.sge.com.cn/sjzx/mrhqsj/5145876
2019-08-21,2019-08-21,2019-08-20,title_session_note_date_mismatch,https://www.sge.com.cn/sjzx/mrhqsj/5145942
2019-12-23,2019-12-23,2019-12-23,no_numeric_ohlc,https://www.sge.com.cn/sjzx/mrhqsj/5146675
2020-01-09,2020-01-09,2020-01-08,title_session_note_date_mismatch,https://www.sge.com.cn/sjzx/mrhqsj/5146795
