year,nominal_usd_per_metric_ton
1900,609000
1901,610000
1902,609000
1903,609000
1904,608000
1905,607000
1906,608000
1907,609000
1908,609000
1909,609000
1910,608000
1911,608000
1912,609000
1913,608000
1914,610000
1915,616000
1916,623000
1917,629000
1918,635000
1919,641000
1920,660000
1921,662000
1922,667000
1923,664000
1924,665000
1925,664000
1926,663000
1927,664000
1928,665000
1929,663000
1930,662000
1931,723000
1932,665000
1933,847000
1934,1120000
1935,1120000
1936,1120000
1937,1120000
1938,1120000
1939,1110000
1940,1090000
1941,1090000
1942,1090000
1943,1090000
1944,1090000
1945,1120000
1946,1120000
1947,1120000
1948,1120000
1949,1020000
1950,1120000
1951,1120000
1952,1110000
1953,1120000
1954,1130000
1955,1130000
1956,1130000
1957,1120000
1958,1130000
1959,1130000
1960,1130000
1961,1130000
1962,1130000
1963,1130000
1964,1130000
1965,1130000
1966,1130000
1967,1130000
1968,1290000
1969,1330000
1970,1170000
1971,1330000
1972,1880000
1973,3140000
1974,5140000
1975,5190000
1976,4030000
1977,4770000
1978,6220000
1979,9890000
1980,19700000
1981,14800000
1982,12100000
1983,13600000
1984,11600000
1985,10200000
1986,11800000
1987,15400000
1988,14100000
1989,12300000
1990,12400000
1991,11700000
1992,11100000
1993,11600000
1994,12400000
1995,12400000
1996,12500000
1997,10700000
1998,9490000
1999,9000000
2000,9010000
2001,8750000
2002,10000000
2003,11700000
2004,13200000
2005,14300000
2006,19500000
2007,22500000
2008,28100000
2009,31300000
2010,39500000
2011,50600000
2012,53800000
2013,45500000
2014,40800000
2015,37400000
